USERNAME,EMAIL,PASSWORD,IS_PLAYING
ihedden0,jposthill0@apple.com,Z4ANou,1
ocarlyon1,tyouel1@weibo.com,VPaP6zqzEUm,0
sbassilashvili2,rminchella2@chron.com,MPHZ5Rk,1
rsiddaley3,akinze3@drupal.org,gfXXC0p5kHw,1
tjannex4,rrogge4@vk.com,tOFVq5CLeeWd,0
ghugonin5,jgrishunin5@npr.org,MbT02Jty5vix,0
grisborough6,ccawcutt6@prweb.com,T1nm1Lo9xuQz,1
treddlesden7,oeasen7@drupal.org,fzj76JSYiCyV,1
enortcliffe8,jdey8@github.io,SNSchM,1
mgyles9,odomb9@hubpages.com,9pxpmOcUYQ65,1
rwidgera,hlaugharnea@bloglovin.com,jeR58kcrl,0
ngoatmanb,ntregianb@so-net.ne.jp,HjLU12zQO,0
gclemencec,gmctrustriec@ucsd.edu,pbOS7dGAyk90,0
csymmsd,dgiacomazzod@samsung.com,dmjICvdoYM,0
epuviae,hharvisone@de.vu,S0gATut,0
kpallentf,gfayersf@indiatimes.com,7bfjF9Je0pY,1
wmcclareng,ljorckg@techcrunch.com,DRkkTL2c4o,1
cboarleysonh,etallh@goo.gl,wQAqwn,1
amynardi,eazami@mapquest.com,gCdzUwek3,0
santoniasj,dcriellyj@networksolutions.com,gE64xakb3RtR,1
sbrookesk,egerdesk@imageshack.us,sGagtE,0
scarnoghanl,tlenniel@bloglines.com,r0VZKgzF,0
ebazellem,aolenanem@xinhuanet.com,0Gsmfkt8Ob04,0
aohenecann,rluchellin@joomla.org,6cdWg3QXnd,1
aleveretteo,atethero@youtu.be,6plDTb882k,1
mwharbyp,wblaydesp@xing.com,DhBgRuRpa,0
bphorsbyq,kbasketterq@harvard.edu,kh2FVJHw,1
jscroggier,ltabernerr@microsoft.com,hVP3rXcXdU,0
escares,kdrakes@cdc.gov,m4OXy4y0m,0
mlobliet,moffillt@hugedomains.com,NN8EhaHZNCJ,0
yendricciu,panthonyu@tripadvisor.com,BEDCeACy5,0
emacvaughv,kcarryerv@acquirethisname.com,79w4FDXT9,0
bedmondsw,cambrogiw@census.gov,YOcn5i8Elvdu,0
mknokx,iewbanckx@sourceforge.net,GtSGkkKeG,1
cmaccooky,dcochety@independent.co.uk,crjsIGzi,1
mrougez,jsollamz@psu.edu,UGawG3rFDPA,1
arodden10,gcheales10@examiner.com,7GISGx4,0
onegus11,frist11@aboutads.info,TA6XyI,0
tbastistini12,estallibrass12@altervista.org,7dW9Qrk,1
lmachon13,emoen13@reuters.com,45w50xjhe8Pn,0
scapp14,daxelbee14@tumblr.com,97yrwTdA6,0
rhadwin15,rrowett15@upenn.edu,w856ZQ,0
bviegas16,cdensie16@cafepress.com,fpXlCjC,0
hgorrick17,ddabner17@desdev.cn,PdPaY81lS,1
gantunes18,aakram18@php.net,2QSO2aiSe9,0
ebulgen19,ddupree19@ocn.ne.jp,rDIC4jNogE,1
abremen1a,proutham1a@123-reg.co.uk,262B87VCyI,0
frowney1b,tcantero1b@rambler.ru,YuJQd0Sm,0
kdoble1c,hedleston1c@geocities.jp,PpiZE4NX,1
bbearcroft1d,lscutcheon1d@blinklist.com,7Q4eGXEES,0
grigbye1e,ogoforth1e@huffingtonpost.com,jkIhsEDE8ub,0
aprate1f,ekarleman1f@twitpic.com,2Kalj7U,0
kwant1g,kskaifedingerthorpe1g@drupal.org,wxIzJkM4,1
kkrug1h,azanini1h@themeforest.net,ZLYXKcPrqHq,1
kmaclaine1i,rbumford1i@istockphoto.com,FUCeL3lqw3,0
bhayth1j,fspeedin1j@altervista.org,7dWLdu75HyM,0
rpateman1k,pegle1k@weebly.com,WcJcJb2B,1
auphill1l,vburne1l@scribd.com,2QBBrF,1
dgowman1m,maffron1m@marketwatch.com,C9NbQaEwrf,0
ashimmans1n,rreddings1n@sciencedaily.com,MqDQpy,0
wmcilraith1o,cbarkes1o@phpbb.com,zoUnroHAAON,1
llambricht1p,fecclesall1p@youku.com,QrxwfBa1ES,0
iskittrall1q,bwellen1q@technorati.com,PAoICP3,0
jladdle1r,cuccello1r@t-online.de,ryxwJAXC,0
afield1s,sbrandoni1s@java.com,efbbSXT,1
wlomis1t,mglashby1t@yahoo.com,X3jkx2ORzZ,0
mhazeldene1u,ifolder1u@vimeo.com,MrDpdKQ74LD7,1
hlulham1v,rrendbaek1v@chicagotribune.com,lN4e9naZ5GQ,1
balejandro1w,fodowling1w@symantec.com,ODnnTP256CTo,1
lhealing1x,ktaggert1x@buzzfeed.com,a2kOteHXy7UE,0
blobe1y,amorfield1y@google.com.hk,rsP1yqIzY4,1
bdonner1z,mhartropp1z@yelp.com,F50GaYkf2t2,0
dfoxhall20,mstanlack20@toplist.cz,eddeywXUq,1
gwilcott21,rsalvadore21@1und1.de,NwioMVutNox,0
dthiolier22,cmartyns22@mail.ru,S93C0eV,0
kagglione23,rcapun23@reverbnation.com,rt0t9mZd4,1
labbatt24,tharvard24@flickr.com,NANynYaIta,1
eoshaughnessy25,ddavoren25@sphinn.com,QwpjsUxWidhT,1
jmizzen26,psyrett26@spotify.com,ZWPhcaT,1
cweich27,jlipman27@hp.com,WqKzBK,0
troloff28,jrego28@archive.org,1Aew3Nt,1
pboyen29,lcrumbleholme29@feedburner.com,NpoHKXS89XV,1
cogg2a,jnand2a@dmoz.org,sjYD52,1
pwem2b,tneal2b@csmonitor.com,m29chDqOKh,0
medgeworth2c,jjude2c@apache.org,hgYBykF,0
djardine2d,hyven2d@intel.com,WETz7E,1
frichard2e,speddowe2e@scribd.com,nWzx6mNy1IYB,0
cgaffney2f,mphette2f@taobao.com,FFvzVXr8E,0
kablett2g,cfarragher2g@pinterest.com,yrBHsnKq,0
mgregoratti2h,ggulleford2h@wikipedia.org,LAkEVxqv75Xd,1
bfido2i,tleeuwerink2i@examiner.com,wg77lz10W,1
nbasey2j,mpallasch2j@gov.uk,DI8IKeex1,0
pguillet2k,gnorrie2k@theglobeandmail.com,oOy6BaNI,0
lcholdcroft2l,znelson2l@google.ca,iC2mGcujcl,1
swadeling2m,uledington2m@pcworld.com,jwKkiPS6lJJ,0
gwinny2n,rblaver2n@bandcamp.com,lNHY7330,1
dmcvitty2o,jdinning2o@creativecommons.org,E2qGshZU,1
tdanilevich2p,kwilleson2p@un.org,H0FRjiHAV,1
hfulle2q,ztrewinnard2q@simplemachines.org,J538RSP,0
kphizackerly2r,mromaynes2r@macromedia.com,YJVoIscZ,0
